id,first_name,last_name,email,gender,ip_address
1,Marena,Devigne,mdevigne0@nasa.gov,Female,66.176.191.249
2,Elsi,Betke,ebetke1@technorati.com,Male,58.150.90.47
3,Garrard,Penn,gpenn2@dedecms.com,Female,147.104.60.14
4,Val,Tales,vtales3@vkontakte.ru,Female,216.200.82.188
5,Heath,Spraberry,hspraberry4@nsw.gov.au,Polygender,225.67.60.211
6,Godiva,Whitmell,gwhitmell5@oakley.com,Male,197.0.24.84
7,Erie,Rustedge,erustedge6@craigslist.org,Female,0.140.53.48
8,Josi,Pawel,jpawel7@jiathis.com,Female,109.151.122.20
9,Roderic,Eginton,reginton8@paypal.com,Male,222.57.126.221
10,Lil,Fosse,lfosse9@amazon.co.jp,Male,208.68.137.151
